Workbook

Sheet README
B2: First Five Project — Admin Sheet
B3: Live progress tracker for the National Conference
B5: How this sheet is wired up
B6: 1. This is the SHEET tab structure expected by the Apps Script backend (Code.gs).
B7: 2. Upload this file to Google Drive, open it as a Google Sheet, then follow backend/SETUP.md to attach Code.gs.
B8: 3. The Apps Script will write to 'Members' (when someone signs up) and 'Completions' (when they finish a task).
B9: 4. 'Live Progress' is formula-driven — it auto-summarizes Members + Completions. You don't write to it; just watch it during the conference.
B10: 5. Refresh frequency: Google Sheets recalculates automatically every few seconds when data arrives. Your view will update live.
B11: 6. During conference: leave Live Progress open on a second monitor. Sort by 'Last Activity' to see who just earned a badge.
B12: 7. Privacy: Only people you explicitly share the Sheet with will see member data. Don't share the link publicly.
B13: 8. Photos: signature and photo blobs are stored in 'Completions' as base64 strings (only photos under ~200KB). Click a cell to peek.
B15: Pro tip
B16: Build a tiny pivot or chart on Live Progress (Insert > Chart in Google Sheets) showing percent completion by chapter. Project it on a screen at the back of the registration table. Members love seeing their chapter climb.

Sheet Members
A1: email | B1: name | C1: chapter | D1: year | E1: headline | F1: source | G1: created_at
A2: tyrone@example.org | B2: Tyrone Gentry | C2: Texas Alpha | D2: 2 | E2: I'd love to talk to someone about: 4-H program design. | F2: seed
A3: marisol@example.org | B3: Marisol Vega | C3: California Beta | D3: 1 | E3: I'd love to talk to someone about: rural broadband adoption. | F3: seed
A4: denzel@example.org | B4: Denzel Carter | C4: Georgia Gamma | D4: 3 | E4: I'd love to talk to someone about: livestock economics. | F4: seed
A5: fiona@example.org | B5: Fiona O'Connell | C5: Iowa Delta | D5: 2 | E5: I'd love to talk to someone about: nutrition curriculum for K-5. | F5: seed
A6: jamal@example.org | B6: Jamal Whitfield | C6: Florida Epsilon | D6: 4 | E6: I'd love to talk to someone about: state-fair extension exhibits. | F6: seed
A7: anya@example.org | B7: Anya Okonkwo | C7: New York Zeta | D7: 1 | E7: I'd love to talk to someone about: climate-smart small farms. | F7: seed

Sheet Completions
A1: email | B1: task_id | C1: proof_kind | D1: validator | E1: answer | F1: photo_data_url | G1: completed_at
A2: (Empty until a member completes their first task)

Sheet Live Progress
A1: Live Progress Dashboard | I1: Conference Snapshot
A2: This sheet recalculates automatically as Members and Completions are written by the app. | I2: Total members | L2: =COUNTIF(A5:A504,"?*") -> 6
I3: Members with ≥1 task | J3: task_id | K3: points | L3: =COUNTIF(E5:E504,">0") -> 0
A4: Email | B4: Name | C4: Chapter | D4: Year | E4: Tasks Done | F4: Points | G4: Tier | H4: Last Activity | I4: Tasks completed total | J4: T01 | K4: 3 | L4: =SUM(E5:E504) -> 0
A5: =IFERROR(IF(Members!A2="","",Members!A2),"") -> tyrone@example.org | B5: =IFERROR(IF(Members!A2="","",Members!B2),"") -> Tyrone Gentry | C5: =IFERROR(IF(Members!A2="","",Members!C2),"") -> Texas Alpha | D5: =IFERROR(IF(Members!A2="","",Members!D2),"") -> 2 | E5: =IF(A5="","",COUNTIF(Completions!A:A,A5)) -> 0 | F5: =IF(A5="","",SUMPRODUCT((Completions!A$2:A$5000=A5)*IFERROR(VLOOKUP(Completions!B$2:B$5000,$J$4:$K$18,2,FALSE()),0))) -> 0 | G5: =IF(A5="","",IF(F5>=20,"Gold",IF(F5>=14,"Silver",IF(F5>=8,"Bronze","—")))) -> — | H5: =IF(A5="","",IFERROR(TEXT(maxifs(Completions!G:G,Completions!A:A,A5),"yyyy-mm-dd hh:mm"),"—")) -> — | I5: Bronze tier | J5: T02 | K5: 3 | L5: =COUNTIF(G5:G504,"Bronze") -> 0
A6: =IFERROR(IF(Members!A3="","",Members!A3),"") -> marisol@example.org | B6: =IFERROR(IF(Members!A3="","",Members!B3),"") -> Marisol Vega | C6: =IFERROR(IF(Members!A3="","",Members!C3),"") -> California Beta | D6: =IFERROR(IF(Members!A3="","",Members!D3),"") -> 1 | E6: =IF(A6="","",COUNTIF(Completions!A:A,A6)) -> 0 | F6: =IF(A6="","",SUMPRODUCT((Completions!A$2:A$5000=A6)*IFERROR(VLOOKUP(Completions!B$2:B$5000,$J$4:$K$18,2,FALSE()),0))) -> 0 | G6: =IF(A6="","",IF(F6>=20,"Gold",IF(F6>=14,"Silver",IF(F6>=8,"Bronze","—")))) -> — | H6: =IF(A6="","",IFERROR(TEXT(maxifs(Completions!G:G,Completions!A:A,A6),"yyyy-mm-dd hh:mm"),"—")) -> — | I6: Silver tier | J6: T03 | K6: 2 | L6: =COUNTIF(G5:G504,"Silver") -> 0
A7: =IFERROR(IF(Members!A4="","",Members!A4),"") -> denzel@example.org | B7: =IFERROR(IF(Members!A4="","",Members!B4),"") -> Denzel Carter | C7: =IFERROR(IF(Members!A4="","",Members!C4),"") -> Georgia Gamma | D7: =IFERROR(IF(Members!A4="","",Members!D4),"") -> 3 | E7: =IF(A7="","",COUNTIF(Completions!A:A,A7)) -> 0 | F7: =IF(A7="","",SUMPRODUCT((Completions!A$2:A$5000=A7)*IFERROR(VLOOKUP(Completions!B$2:B$5000,$J$4:$K$18,2,FALSE()),0))) -> 0 | G7: =IF(A7="","",IF(F7>=20,"Gold",IF(F7>=14,"Silver",IF(F7>=8,"Bronze","—")))) -> — | H7: =IF(A7="","",IFERROR(TEXT(maxifs(Completions!G:G,Completions!A:A,A7),"yyyy-mm-dd hh:mm"),"—")) -> — | I7: Gold tier | J7: T04 | K7: 2 | L7: =COUNTIF(G5:G504,"Gold") -> 0
A8: =IFERROR(IF(Members!A5="","",Members!A5),"") -> fiona@example.org | B8: =IFERROR(IF(Members!A5="","",Members!B5),"") -> Fiona O'Connell | C8: =IFERROR(IF(Members!A5="","",Members!C5),"") -> Iowa Delta | D8: =IFERROR(IF(Members!A5="","",Members!D5),"") -> 2 | E8: =IF(A8="","",COUNTIF(Completions!A:A,A8)) -> 0 | F8: =IF(A8="","",SUMPRODUCT((Completions!A$2:A$5000=A8)*IFERROR(VLOOKUP(Completions!B$2:B$5000,$J$4:$K$18,2,FALSE()),0))) -> 0 | G8: =IF(A8="","",IF(F8>=20,"Gold",IF(F8>=14,"Silver",IF(F8>=8,"Bronze","—")))) -> — | H8: =IF(A8="","",IFERROR(TEXT(maxifs(Completions!G:G,Completions!A:A,A8),"yyyy-mm-dd hh:mm"),"—")) -> — | J8: T05 | K8: 2
A9: =IFERROR(IF(Members!A6="","",Members!A6),"") -> jamal@example.org | B9: =IFERROR(IF(Members!A6="","",Members!B6),"") -> Jamal Whitfield | C9: =IFERROR(IF(Members!A6="","",Members!C6),"") -> Florida Epsilon | D9: =IFERROR(IF(Members!A6="","",Members!D6),"") -> 4 | E9: =IF(A9="","",COUNTIF(Completions!A:A,A9)) -> 0 | F9: =IF(A9="","",SUMPRODUCT((Completions!A$2:A$5000=A9)*IFERROR(VLOOKUP(Completions!B$2:B$5000,$J$4:$K$18,2,FALSE()),0))) -> 0 | G9: =IF(A9="","",IF(F9>=20,"Gold",IF(F9>=14,"Silver",IF(F9>=8,"Bronze","—")))) -> — | H9: =IF(A9="","",IFERROR(TEXT(maxifs(Completions!G:G,Completions!A:A,A9),"yyyy-mm-dd hh:mm"),"—")) -> — | J9: T06 | K9: 4
A10: =IFERROR(IF(Members!A7="","",Members!A7),"") -> anya@example.org | B10: =IFERROR(IF(Members!A7="","",Members!B7),"") -> Anya Okonkwo | C10: =IFERROR(IF(Members!A7="","",Members!C7),"") -> New York Zeta | D10: =IFERROR(IF(Members!A7="","",Members!D7),"") -> 1 | E10: =IF(A10="","",COUNTIF(Completions!A:A,A10)) -> 0 | F10: =IF(A10="","",SUMPRODUCT((Completions!A$2:A$5000=A10)*IFERROR(VLOOKUP(Completions!B$2:B$5000,$J$4:$K$18,2,FALSE()),0))) -> 0 | G10: =IF(A10="","",IF(F10>=20,"Gold",IF(F10>=14,"Silver",IF(F10>=8,"Bronze","—")))) -> — | H10: =IF(A10="","",IFERROR(TEXT(maxifs(Completions!G:G,Completions!A:A,A10),"yyyy-mm-dd hh:mm"),"—")) -> — | J10: T07 | K10: 3
A11: =IFERROR(IF(Members!A8="","",Members!A8),"") | B11: =IFERROR(IF(Members!A8="","",Members!B8),"") | C11: =IFERROR(IF(Members!A8="","",Members!C8),"") | D11: =IFERROR(IF(Members!A8="","",Members!D8),"") | E11: =IF(A11="","",COUNTIF(Completions!A:A,A11)) | F11: =IF(A11="","",SUMPRODUCT((Completions!A$2:A$5000=A11)*IFERROR(VLOOKUP(Completions!B$2:B$5000,$J$4:$K$18,2,FALSE()),0))) | G11: =IF(A11="","",IF(F11>=20,"Gold",IF(F11>=14,"Silver",IF(F11>=8,"Bronze","—")))) | H11: =IF(A11="","",IFERROR(TEXT(maxifs(Completions!G:G,Completions!A:A,A11),"yyyy-mm-dd hh:mm"),"—")) | J11: T08 | K11: 3
A12: =IFERROR(IF(Members!A9="","",Members!A9),"") | B12: =IFERROR(IF(Members!A9="","",Members!B9),"") | C12: =IFERROR(IF(Members!A9="","",Members!C9),"") | D12: =IFERROR(IF(Members!A9="","",Members!D9),"") | E12: =IF(A12="","",COUNTIF(Completions!A:A,A12)) | F12: =IF(A12="","",SUMPRODUCT((Completions!A$2:A$5000=A12)*IFERROR(VLOOKUP(Completions!B$2:B$5000,$J$4:$K$18,2,FALSE()),0))) | G12: =IF(A12="","",IF(F12>=20,"Gold",IF(F12>=14,"Silver",IF(F12>=8,"Bronze","—")))) | H12: =IF(A12="","",IFERROR(TEXT(maxifs(Completions!G:G,Completions!A:A,A12),"yyyy-mm-dd hh:mm"),"—")) | J12: T09 | K12: 3
A13: =IFERROR(IF(Members!A10="","",Members!A10),"") | B13: =IFERROR(IF(Members!A10="","",Members!B10),"") | C13: =IFERROR(IF(Members!A10="","",Members!C10),"") | D13: =IFERROR(IF(Members!A10="","",Members!D10),"") | E13: =IF(A13="","",COUNTIF(Completions!A:A,A13)) | F13: =IF(A13="","",SUMPRODUCT((Completions!A$2:A$5000=A13)*IFERROR(VLOOKUP(Completions!B$2:B$5000,$J$4:$K$18,2,FALSE()),0))) | G13: =IF(A13="","",IF(F13>=20,"Gold",IF(F13>=14,"Silver",IF(F13>=8,"Bronze","—")))) | H13: =IF(A13="","",IFERROR(TEXT(maxifs(Completions!G:G,Completions!A:A,A13),"yyyy-mm-dd hh:mm"),"—")) | J13: T10 | K13: 2
A14: =IFERROR(IF(Members!A11="","",Members!A11),"") | B14: =IFERROR(IF(Members!A11="","",Members!B11),"") | C14: =IFERROR(IF(Members!A11="","",Members!C11),"") | D14: =IFERROR(IF(Members!A11="","",Members!D11),"") | E14: =IF(A14="","",COUNTIF(Completions!A:A,A14)) | F14: =IF(A14="","",SUMPRODUCT((Completions!A$2:A$5000=A14)*IFERROR(VLOOKUP(Completions!B$2:B$5000,$J$4:$K$18,2,FALSE()),0))) | G14: =IF(A14="","",IF(F14>=20,"Gold",IF(F14>=14,"Silver",IF(F14>=8,"Bronze","—")))) | H14: =IF(A14="","",IFERROR(TEXT(maxifs(Completions!G:G,Completions!A:A,A14),"yyyy-mm-dd hh:mm"),"—")) | J14: T11 | K14: 2
A15: =IFERROR(IF(Members!A12="","",Members!A12),"") | B15: =IFERROR(IF(Members!A12="","",Members!B12),"") | C15: =IFERROR(IF(Members!A12="","",Members!C12),"") | D15: =IFERROR(IF(Members!A12="","",Members!D12),"") | E15: =IF(A15="","",COUNTIF(Completions!A:A,A15)) | F15: =IF(A15="","",SUMPRODUCT((Completions!A$2:A$5000=A15)*IFERROR(VLOOKUP(Completions!B$2:B$5000,$J$4:$K$18,2,FALSE()),0))) | G15: =IF(A15="","",IF(F15>=20,"Gold",IF(F15>=14,"Silver",IF(F15>=8,"Bronze","—")))) | H15: =IF(A15="","",IFERROR(TEXT(maxifs(Completions!G:G,Completions!A:A,A15),"yyyy-mm-dd hh:mm"),"—")) | J15: T12 | K15: 4
A16: =IFERROR(IF(Members!A13="","",Members!A13),"") | B16: =IFERROR(IF(Members!A13="","",Members!B13),"") | C16: =IFERROR(IF(Members!A13="","",Members!C13),"") | D16: =IFERROR(IF(Members!A13="","",Members!D13),"") | E16: =IF(A16="","",COUNTIF(Completions!A:A,A16)) | F16: =IF(A16="","",SUMPRODUCT((Completions!A$2:A$5000=A16)*IFERROR(VLOOKUP(Completions!B$2:B$5000,$J$4:$K$18,2,FALSE()),0))) | G16: =IF(A16="","",IF(F16>=20,"Gold",IF(F16>=14,"Silver",IF(F16>=8,"Bronze","—")))) | H16: =IF(A16="","",IFERROR(TEXT(maxifs(Completions!G:G,Completions!A:A,A16),"yyyy-mm-dd hh:mm"),"—")) | J16: T13 | K16: 2
A17: =IFERROR(IF(Members!A14="","",Members!A14),"") | B17: =IFERROR(IF(Members!A14="","",Members!B14),"") | C17: =IFERROR(IF(Members!A14="","",Members!C14),"") | D17: =IFERROR(IF(Members!A14="","",Members!D14),"") | E17: =IF(A17="","",COUNTIF(Completions!A:A,A17)) | F17: =IF(A17="","",SUMPRODUCT((Completions!A$2:A$5000=A17)*IFERROR(VLOOKUP(Completions!B$2:B$5000,$J$4:$K$18,2,FALSE()),0))) | G17: =IF(A17="","",IF(F17>=20,"Gold",IF(F17>=14,"Silver",IF(F17>=8,"Bronze","—")))) | H17: =IF(A17="","",IFERROR(TEXT(maxifs(Completions!G:G,Completions!A:A,A17),"yyyy-mm-dd hh:mm"),"—")) | J17: T14 | K17: 3
A18: =IFERROR(IF(Members!A15="","",Members!A15),"") | B18: =IFERROR(IF(Members!A15="","",Members!B15),"") | C18: =IFERROR(IF(Members!A15="","",Members!C15),"") | D18: =IFERROR(IF(Members!A15="","",Members!D15),"") | E18: =IF(A18="","",COUNTIF(Completions!A:A,A18)) | F18: =IF(A18="","",SUMPRODUCT((Completions!A$2:A$5000=A18)*IFERROR(VLOOKUP(Completions!B$2:B$5000,$J$4:$K$18,2,FALSE()),0))) | G18: =IF(A18="","",IF(F18>=20,"Gold",IF(F18>=14,"Silver",IF(F18>=8,"Bronze","—")))) | H18: =IF(A18="","",IFERROR(TEXT(maxifs(Completions!G:G,Completions!A:A,A18),"yyyy-mm-dd hh:mm"),"—")) | J18: T15 | K18: 2
A19: =IFERROR(IF(Members!A16="","",Members!A16),"") | B19: =IFERROR(IF(Members!A16="","",Members!B16),"") | C19: =IFERROR(IF(Members!A16="","",Members!C16),"") | D19: =IFERROR(IF(Members!A16="","",Members!D16),"") | E19: =IF(A19="","",COUNTIF(Completions!A:A,A19)) | F19: =IF(A19="","",SUMPRODUCT((Completions!A$2:A$5000=A19)*IFERROR(VLOOKUP(Completions!B$2:B$5000,$J$4:$K$18,2,FALSE()),0))) | G19: =IF(A19="","",IF(F19>=20,"Gold",IF(F19>=14,"Silver",IF(F19>=8,"Bronze","—")))) | H19: =IF(A19="","",IFERROR(TEXT(maxifs(Completions!G:G,Completions!A:A,A19),"yyyy-mm-dd hh:mm"),"—"))
A20: =IFERROR(IF(Members!A17="","",Members!A17),"") | B20: =IFERROR(IF(Members!A17="","",Members!B17),"") | C20: =IFERROR(IF(Members!A17="","",Members!C17),"") | D20: =IFERROR(IF(Members!A17="","",Members!D17),"") | E20: =IF(A20="","",COUNTIF(Completions!A:A,A20)) | F20: =IF(A20="","",SUMPRODUCT((Completions!A$2:A$5000=A20)*IFERROR(VLOOKUP(Completions!B$2:B$5000,$J$4:$K$18,2,FALSE()),0))) | G20: =IF(A20="","",IF(F20>=20,"Gold",IF(F20>=14,"Silver",IF(F20>=8,"Bronze","—")))) | H20: =IF(A20="","",IFERROR(TEXT(maxifs(Completions!G:G,Completions!A:A,A20),"yyyy-mm-dd hh:mm"),"—"))
A21: =IFERROR(IF(Members!A18="","",Members!A18),"") | B21: =IFERROR(IF(Members!A18="","",Members!B18),"") | C21: =IFERROR(IF(Members!A18="","",Members!C18),"") | D21: =IFERROR(IF(Members!A18="","",Members!D18),"") | E21: =IF(A21="","",COUNTIF(Completions!A:A,A21)) | F21: =IF(A21="","",SUMPRODUCT((Completions!A$2:A$5000=A21)*IFERROR(VLOOKUP(Completions!B$2:B$5000,$J$4:$K$18,2,FALSE()),0))) | G21: =IF(A21="","",IF(F21>=20,"Gold",IF(F21>=14,"Silver",IF(F21>=8,"Bronze","—")))) | H21: =IF(A21="","",IFERROR(TEXT(maxifs(Completions!G:G,Completions!A:A,A21),"yyyy-mm-dd hh:mm"),"—"))
A22: =IFERROR(IF(Members!A19="","",Members!A19),"") | B22: =IFERROR(IF(Members!A19="","",Members!B19),"") | C22: =IFERROR(IF(Members!A19="","",Members!C19),"") | D22: =IFERROR(IF(Members!A19="","",Members!D19),"") | E22: =IF(A22="","",COUNTIF(Completions!A:A,A22)) | F22: =IF(A22="","",SUMPRODUCT((Completions!A$2:A$5000=A22)*IFERROR(VLOOKUP(Completions!B$2:B$5000,$J$4:$K$18,2,FALSE()),0))) | G22: =IF(A22="","",IF(F22>=20,"Gold",IF(F22>=14,"Silver",IF(F22>=8,"Bronze","—")))) | H22: =IF(A22="","",IFERROR(TEXT(maxifs(Completions!G:G,Completions!A:A,A22),"yyyy-mm-dd hh:mm"),"—"))
A23: =IFERROR(IF(Members!A20="","",Members!A20),"") | B23: =IFERROR(IF(Members!A20="","",Members!B20),"") | C23: =IFERROR(IF(Members!A20="","",Members!C20),"") | D23: =IFERROR(IF(Members!A20="","",Members!D20),"") | E23: =IF(A23="","",COUNTIF(Completions!A:A,A23)) | F23: =IF(A23="","",SUMPRODUCT((Completions!A$2:A$5000=A23)*IFERROR(VLOOKUP(Completions!B$2:B$5000,$J$4:$K$18,2,FALSE()),0))) | G23: =IF(A23="","",IF(F23>=20,"Gold",IF(F23>=14,"Silver",IF(F23>=8,"Bronze","—")))) | H23: =IF(A23="","",IFERROR(TEXT(maxifs(Completions!G:G,Completions!A:A,A23),"yyyy-mm-dd hh:mm"),"—"))
A24: =IFERROR(IF(Members!A21="","",Members!A21),"") | B24: =IFERROR(IF(Members!A21="","",Members!B21),"") | C24: =IFERROR(IF(Members!A21="","",Members!C21),"") | D24: =IFERROR(IF(Members!A21="","",Members!D21),"") | E24: =IF(A24="","",COUNTIF(Completions!A:A,A24)) | F24: =IF(A24="","",SUMPRODUCT((Completions!A$2:A$5000=A24)*IFERROR(VLOOKUP(Completions!B$2:B$5000,$J$4:$K$18,2,FALSE()),0))) | G24: =IF(A24="","",IF(F24>=20,"Gold",IF(F24>=14,"Silver",IF(F24>=8,"Bronze","—")))) | H24: =IF(A24="","",IFERROR(TEXT(maxifs(Completions!G:G,Completions!A:A,A24),"yyyy-mm-dd hh:mm"),"—"))
A25: =IFERROR(IF(Members!A22="","",Members!A22),"") | B25: =IFERROR(IF(Members!A22="","",Members!B22),"") | C25: =IFERROR(IF(Members!A22="","",Members!C22),"") | D25: =IFERROR(IF(Members!A22="","",Members!D22),"") | E25: =IF(A25="","",COUNTIF(Completions!A:A,A25)) | F25: =IF(A25="","",SUMPRODUCT((Completions!A$2:A$5000=A25)*IFERROR(VLOOKUP(Completions!B$2:B$5000,$J$4:$K$18,2,FALSE()),0))) | G25: =IF(A25="","",IF(F25>=20,"Gold",IF(F25>=14,"Silver",IF(F25>=8,"Bronze","—")))) | H25: =IF(A25="","",IFERROR(TEXT(maxifs(Completions!G:G,Completions!A:A,A25),"yyyy-mm-dd hh:mm"),"—"))
A26: =IFERROR(IF(Members!A23="","",Members!A23),"") | B26: =IFERROR(IF(Members!A23="","",Members!B23),"") | C26: =IFERROR(IF(Members!A23="","",Members!C23),"") | D26: =IFERROR(IF(Members!A23="","",Members!D23),"") | E26: =IF(A26="","",COUNTIF(Completions!A:A,A26)) | F26: =IF(A26="","",SUMPRODUCT((Completions!A$2:A$5000=A26)*IFERROR(VLOOKUP(Completions!B$2:B$5000,$J$4:$K$18,2,FALSE()),0))) | G26: =IF(A26="","",IF(F26>=20,"Gold",IF(F26>=14,"Silver",IF(F26>=8,"Bronze","—")))) | H26: =IF(A26="","",IFERROR(TEXT(maxifs(Completions!G:G,Completions!A:A,A26),"yyyy-mm-dd hh:mm"),"—"))
A27: =IFERROR(IF(Members!A24="","",Members!A24),"") | B27: =IFERROR(IF(Members!A24="","",Members!B24),"") | C27: =IFERROR(IF(Members!A24="","",Members!C24),"") | D27: =IFERROR(IF(Members!A24="","",Members!D24),"") | E27: =IF(A27="","",COUNTIF(Completions!A:A,A27)) | F27: =IF(A27="","",SUMPRODUCT((Completions!A$2:A$5000=A27)*IFERROR(VLOOKUP(Completions!B$2:B$5000,$J$4:$K$18,2,FALSE()),0))) | G27: =IF(A27="","",IF(F27>=20,"Gold",IF(F27>=14,"Silver",IF(F27>=8,"Bronze","—")))) | H27: =IF(A27="","",IFERROR(TEXT(maxifs(Completions!G:G,Completions!A:A,A27),"yyyy-mm-dd hh:mm"),"—"))
A28: =IFERROR(IF(Members!A25="","",Members!A25),"") | B28: =IFERROR(IF(Members!A25="","",Members!B25),"") | C28: =IFERROR(IF(Members!A25="","",Members!C25),"") | D28: =IFERROR(IF(Members!A25="","",Members!D25),"") | E28: =IF(A28="","",COUNTIF(Completions!A:A,A28)) | F28: =IF(A28="","",SUMPRODUCT((Completions!A$2:A$5000=A28)*IFERROR(VLOOKUP(Completions!B$2:B$5000,$J$4:$K$18,2,FALSE()),0))) | G28: =IF(A28="","",IF(F28>=20,"Gold",IF(F28>=14,"Silver",IF(F28>=8,"Bronze","—")))) | H28: =IF(A28="","",IFERROR(TEXT(maxifs(Completions!G:G,Completions!A:A,A28),"yyyy-mm-dd hh:mm"),"—"))
A29: =IFERROR(IF(Members!A26="","",Members!A26),"") | B29: =IFERROR(IF(Members!A26="","",Members!B26),"") | C29: =IFERROR(IF(Members!A26="","",Members!C26),"") | D29: =IFERROR(IF(Members!A26="","",Members!D26),"") | E29: =IF(A29="","",COUNTIF(Completions!A:A,A29)) | F29: =IF(A29="","",SUMPRODUCT((Completions!A$2:A$5000=A29)*IFERROR(VLOOKUP(Completions!B$2:B$5000,$J$4:$K$18,2,FALSE()),0))) | G29: =IF(A29="","",IF(F29>=20,"Gold",IF(F29>=14,"Silver",IF(F29>=8,"Bronze","—")))) | H29: =IF(A29="","",IFERROR(TEXT(maxifs(Completions!G:G,Completions!A:A,A29),"yyyy-mm-dd hh:mm"),"—"))
A30: =IFERROR(IF(Members!A27="","",Members!A27),"") | B30: =IFERROR(IF(Members!A27="","",Members!B27),"") | C30: =IFERROR(IF(Members!A27="","",Members!C27),"") | D30: =IFERROR(IF(Members!A27="","",Members!D27),"") | E30: =IF(A30="","",COUNTIF(Completions!A:A,A30)) | F30: =IF(A30="","",SUMPRODUCT((Completions!A$2:A$5000=A30)*IFERROR(VLOOKUP(Completions!B$2:B$5000,$J$4:$K$18,2,FALSE()),0))) | G30: =IF(A30="","",IF(F30>=20,"Gold",IF(F30>=14,"Silver",IF(F30>=8,"Bronze","—")))) | H30: =IF(A30="","",IFERROR(TEXT(maxifs(Completions!G:G,Completions!A:A,A30),"yyyy-mm-dd hh:mm"),"—"))
... A504: =IFERROR(IF(Members!A501="","",Members!A501),"") | B504: =IFERROR(IF(Members!A501="","",Members!B501),"") | C504: =IFERROR(IF(Members!A501="","",Members!C501),"") | D504: =IFERROR(IF(Members!A501="","",Members!D501),"") | E504: =IF(A504="","",COUNTIF(Completions!A:A,A504)) | F504: =IF(A504="","",SUMPRODUCT((Completions!A$2:A$5000=A504)*IFERROR(VLOOKUP(Completions!B$2:B$5000,$J$4:$K$18,2,FALSE()),0))) | G504: =IF(A504="","",IF(F504>=20,"Gold",IF(F504>=14,"Silver",IF(F504>=8,"Bronze","—")))) | H504: =IF(A504="","",IFERROR(TEXT(maxifs(Completions!G:G,Completions!A:A,A504),"yyyy-mm-dd hh:mm"),"—"))

Sheet Tasks Reference
A1: task_id | B1: task_name | C1: category | D1: proof_type | E1: points | F1: where | G1: mission_tie_in
A2: T01 | B2: Attend the First-Timer's Welcome | C2: Conference Anchor | D2: Signature | E2: 3 | F2: Main Hall · Day 1, 9:00 AM | G2: Article XI – Creed: shared experience and fellowship.
A3: T02 | B3: Meet a National Board Member | C3: Networking | D3: Signature | E3: 3 | F3: Networking Lounge · Days 1-3 | G3: Strategic Goal 1: Increase value of ESP National to chapters.
A4: T03 | B4: Visit the Poster Session | C4: Professional Development | D4: Photo | E4: 2 | F4: Hall B · Day 2 | G4: Strategic Goal 2: Excellence through professional development.
A5: T04 | B5: Selfie at the Centennial Countdown Wall | C5: ESP Identity | D5: Photo | E5: 2 | F5: Lobby · Anytime | G5: ESP heritage and the path to 100 years.
A6: T05 | B6: Knowledge Check: Opening Keynote | C6: Knowledge | D6: Quiz | E6: 2 | F6: After Day 1 keynote | G6: Strategic Goal 2: Professional development.
A7: T06 | B7: Introduce Yourself to Three New Chapters | C7: Networking | D7: Signature | E7: 4 | F7: Anywhere · By end of Day 2 | G7: Strategic Goal 1: Connect chapters across the country.
A8: T07 | B8: Attend a Committee Meeting | C8: Professional Development | D8: Signature | E8: 3 | F8: See conference program · Day 2 | G8: Article I – Mission: governance through committees.
A9: T08 | B9: Knowledge Check: A Scholarship I Could Apply For | C9: Knowledge | D9: Quiz | E9: 3 | F9: After Awards & Scholarships booth | G9: Strategic Goal 2: Development opportunities.
A10: T09 | B10: Photo with a Mentor | C10: Networking | D10: Photo | E10: 3 | F10: Anywhere · Days 1-3 | G10: Article XI – Creed: 'share with others the lessons of my experience.'
A11: T10 | B11: Visit Your Regional Caucus | C11: ESP Identity | D11: Signature | E11: 2 | F11: See conference program · Day 2 | G11: Strategic Goal: Enhance chapter leader engagement.
A12: T11 | B12: Knowledge Check: First-Timer's Session | C12: Knowledge | D12: Quiz | E12: 2 | F12: After the First-Timer's session, Day 1 | G12: Article XI – Creed: fellowship and shared learning.
A13: T12 | B13: Sign Up for a Committee for Next Year | C13: Engagement | D13: Signature | E13: 4 | F13: Membership table · Days 2-3 | G13: Strategic Goal 1: Connect national committees to chapter units.
... A16: T15 | B16: Reflection: What Will You Bring Home? | C16: Engagement | D16: Quiz | E16: 2 | F16: Last day, after closing remarks | G16: Article XI – Creed: 'apply lessons learned' to my home work.
